id	url
https://www.daytona.io/definitions/a	https://www.daytona.io/definitions/a
https://www.daytona.io/definitions/a/automated-provisioning	https://www.daytona.io/definitions/a/automated-provisioning
https://www.daytona.io/definitions/b	https://www.daytona.io/definitions/b
https://www.daytona.io/definitions/b/bash-script	https://www.daytona.io/definitions/b/bash-script
https://www.daytona.io/definitions/b/browser-based-development-environment	https://www.daytona.io/definitions/b/browser-based-development-environment
https://www.daytona.io/definitions/c	https://www.daytona.io/definitions/c
https://www.daytona.io/definitions/c/cloud-agnostic	https://www.daytona.io/definitions/c/cloud-agnostic
https://www.daytona.io/definitions/c/cloud-based-development-environment-cde	https://www.daytona.io/definitions/c/cloud-based-development-environment-cde
https://www.daytona.io/definitions/c/cloud-ide	https://www.daytona.io/definitions/c/cloud-ide
https://www.daytona.io/definitions/c/codespaces	https://www.daytona.io/definitions/c/codespaces
https://www.daytona.io/definitions/c/configuration-drift	https://www.daytona.io/definitions/c/configuration-drift
https://www.daytona.io/definitions/c/containerization	https://www.daytona.io/definitions/c/containerization
https://www.daytona.io/definitions/c/continuous-delivery-cd	https://www.daytona.io/definitions/c/continuous-delivery-cd
https://www.daytona.io/definitions/c/continuous-integration-ci	https://www.daytona.io/definitions/c/continuous-integration-ci
https://www.daytona.io/definitions/c/cvcs	https://www.daytona.io/definitions/c/cvcs
https://www.daytona.io/definitions/d	https://www.daytona.io/definitions/d
https://www.daytona.io/definitions/d/daytona-workspace	https://www.daytona.io/definitions/d/daytona-workspace
https://www.daytona.io/definitions/d/deaas	https://www.daytona.io/definitions/d/deaas
https://www.daytona.io/definitions/d/developer-experience-devex	https://www.daytona.io/definitions/d/developer-experience-devex
https://www.daytona.io/definitions/d/development-container	https://www.daytona.io/definitions/d/development-container
https://www.daytona.io/definitions/d/development-environment	https://www.daytona.io/definitions/d/development-environment
https://www.daytona.io/definitions/d/development-environment-as-a-service	https://www.daytona.io/definitions/d/development-environment-as-a-service
https://www.daytona.io/definitions/d/development-environment-management-dem	https://www.daytona.io/definitions/d/development-environment-management-dem
https://www.daytona.io/definitions/d/devfile	https://www.daytona.io/definitions/d/devfile
https://www.daytona.io/definitions/d/devops	https://www.daytona.io/definitions/d/devops
https://www.daytona.io/definitions/d/devops-automation-tool	https://www.daytona.io/definitions/d/devops-automation-tool
https://www.daytona.io/definitions/d/devops-stages	https://www.daytona.io/definitions/d/devops-stages
https://www.daytona.io/definitions/d/devtools	https://www.daytona.io/definitions/d/devtools
https://www.daytona.io/definitions/d/disposable-environment	https://www.daytona.io/definitions/d/disposable-environment
https://www.daytona.io/definitions/d/disposable-environments	https://www.daytona.io/definitions/d/disposable-environments
https://www.daytona.io/definitions/d/docker	https://www.daytona.io/definitions/d/docker
https://www.daytona.io/definitions/d/docker-compose	https://www.daytona.io/definitions/d/docker-compose
https://www.daytona.io/definitions/d/docker-in-docker	https://www.daytona.io/definitions/d/docker-in-docker
https://www.daytona.io/definitions/e	https://www.daytona.io/definitions/e
https://www.daytona.io/definitions/e/eaas	https://www.daytona.io/definitions/e/eaas
https://www.daytona.io/definitions/e/enterprise-grade	https://www.daytona.io/definitions/e/enterprise-grade
https://www.daytona.io/definitions/e/ephemeral-environment	https://www.daytona.io/definitions/e/ephemeral-environment
https://www.daytona.io/definitions/e/ephemerality	https://www.daytona.io/definitions/e/ephemerality
https://www.daytona.io/definitions/f	https://www.daytona.io/definitions/f
https://www.daytona.io/definitions/f/feature-flag	https://www.daytona.io/definitions/f/feature-flag
https://www.daytona.io/definitions/g	https://www.daytona.io/definitions/g
https://www.daytona.io/definitions/g/git	https://www.daytona.io/definitions/g/git
https://www.daytona.io/definitions/g/golang	https://www.daytona.io/definitions/g/golang
https://www.daytona.io/definitions/g/golden-path	https://www.daytona.io/definitions/g/golden-path
https://www.daytona.io/definitions/g/guardrails	https://www.daytona.io/definitions/g/guardrails
https://www.daytona.io/definitions/h	https://www.daytona.io/definitions/h
https://www.daytona.io/definitions/h/high-density-workspaces-hdw	https://www.daytona.io/definitions/h/high-density-workspaces-hdw
https://www.daytona.io/definitions/i	https://www.daytona.io/definitions/i
https://www.daytona.io/definitions/i/immutable-infrastructure	https://www.daytona.io/definitions/i/immutable-infrastructure
https://www.daytona.io/definitions/i/infrastructure-as-a-service-iaas	https://www.daytona.io/definitions/i/infrastructure-as-a-service-iaas
https://www.daytona.io/definitions/i/infrastructure-as-code-iac	https://www.daytona.io/definitions/i/infrastructure-as-code-iac
https://www.daytona.io/definitions/i/integrated-development-environment-ide	https://www.daytona.io/definitions/i/integrated-development-environment-ide
https://www.daytona.io/definitions/i/isolation	https://www.daytona.io/definitions/i/isolation
https://www.daytona.io/definitions/j	https://www.daytona.io/definitions/j
https://www.daytona.io/definitions/k	https://www.daytona.io/definitions/k
https://www.daytona.io/definitions/k/knowledge-graph	https://www.daytona.io/definitions/k/knowledge-graph
https://www.daytona.io/definitions/k/kubernetes	https://www.daytona.io/definitions/k/kubernetes
https://www.daytona.io/definitions/l	https://www.daytona.io/definitions/l
https://www.daytona.io/definitions/m	https://www.daytona.io/definitions/m
https://www.daytona.io/definitions/m/monolithic	https://www.daytona.io/definitions/m/monolithic
https://www.daytona.io/definitions/m/multi-tenancy	https://www.daytona.io/definitions/m/multi-tenancy
https://www.daytona.io/definitions/n	https://www.daytona.io/definitions/n
https://www.daytona.io/definitions/n/nix	https://www.daytona.io/definitions/n/nix
https://www.daytona.io/definitions/o	https://www.daytona.io/definitions/o
https://www.daytona.io/definitions/o/onboarding	https://www.daytona.io/definitions/o/onboarding
https://www.daytona.io/definitions/o/open-core	https://www.daytona.io/definitions/o/open-core
https://www.daytona.io/definitions/o/open-source	https://www.daytona.io/definitions/o/open-source
https://www.daytona.io/definitions/o/openvscode-server	https://www.daytona.io/definitions/o/openvscode-server
https://www.daytona.io/definitions/other	https://www.daytona.io/definitions/other
https://www.daytona.io/definitions/p	https://www.daytona.io/definitions/p
https://www.daytona.io/definitions/p/paved-road	https://www.daytona.io/definitions/p/paved-road
https://www.daytona.io/definitions/p/platform-as-a-service-paas	https://www.daytona.io/definitions/p/platform-as-a-service-paas
https://www.daytona.io/definitions/p/platform-engineering	https://www.daytona.io/definitions/p/platform-engineering
https://www.daytona.io/definitions/p/product-led-growth-plg	https://www.daytona.io/definitions/p/product-led-growth-plg
https://www.daytona.io/definitions/p/production-environment	https://www.daytona.io/definitions/p/production-environment
https://www.daytona.io/definitions/p/productivity	https://www.daytona.io/definitions/p/productivity
https://www.daytona.io/definitions/p/progressive-delivery	https://www.daytona.io/definitions/p/progressive-delivery
https://www.daytona.io/definitions/p/python	https://www.daytona.io/definitions/p/python
https://www.daytona.io/definitions/q	https://www.daytona.io/definitions/q
https://www.daytona.io/definitions/r	https://www.daytona.io/definitions/r
https://www.daytona.io/definitions/r/react	https://www.daytona.io/definitions/r/react
https://www.daytona.io/definitions/r/remote-development-environment	https://www.daytona.io/definitions/r/remote-development-environment
https://www.daytona.io/definitions/r/repository	https://www.daytona.io/definitions/r/repository
https://www.daytona.io/definitions/s	https://www.daytona.io/definitions/s
https://www.daytona.io/definitions/s/scalability	https://www.daytona.io/definitions/s/scalability
https://www.daytona.io/definitions/s/shell-scripting	https://www.daytona.io/definitions/s/shell-scripting
https://www.daytona.io/definitions/s/shift-left	https://www.daytona.io/definitions/s/shift-left
https://www.daytona.io/definitions/s/software-as-a-service-saas	https://www.daytona.io/definitions/s/software-as-a-service-saas
https://www.daytona.io/definitions/s/software-development-life-cycle-sdlc	https://www.daytona.io/definitions/s/software-development-life-cycle-sdlc
https://www.daytona.io/definitions/s/software-eats-the-world	https://www.daytona.io/definitions/s/software-eats-the-world
https://www.daytona.io/definitions/s/ssh	https://www.daytona.io/definitions/s/ssh
https://www.daytona.io/definitions/s/ssh-keys	https://www.daytona.io/definitions/s/ssh-keys
https://www.daytona.io/definitions/s/staging-environment	https://www.daytona.io/definitions/s/staging-environment
https://www.daytona.io/definitions/s/standardized-development-environment-sde	https://www.daytona.io/definitions/s/standardized-development-environment-sde
https://www.daytona.io/definitions/t	https://www.daytona.io/definitions/t
https://www.daytona.io/definitions/t/telemetry	https://www.daytona.io/definitions/t/telemetry
https://www.daytona.io/definitions/t/term-sheet	https://www.daytona.io/definitions/t/term-sheet
https://www.daytona.io/definitions/u	https://www.daytona.io/definitions/u
https://www.daytona.io/definitions/v	https://www.daytona.io/definitions/v
https://www.daytona.io/definitions/v/vendor-agnostic	https://www.daytona.io/definitions/v/vendor-agnostic
https://www.daytona.io/definitions/v/version-control	https://www.daytona.io/definitions/v/version-control
https://www.daytona.io/definitions/v/virtual-machine-vm	https://www.daytona.io/definitions/v/virtual-machine-vm
https://www.daytona.io/definitions/w	https://www.daytona.io/definitions/w
https://www.daytona.io/definitions/w/webhook	https://www.daytona.io/definitions/w/webhook
https://www.daytona.io/definitions/w/works-on-my-machine-syndrome	https://www.daytona.io/definitions/w/works-on-my-machine-syndrome
https://www.daytona.io/definitions/x	https://www.daytona.io/definitions/x
https://www.daytona.io/definitions/y	https://www.daytona.io/definitions/y
https://www.daytona.io/definitions/z	https://www.daytona.io/definitions/z
https://www.daytona.io/dotfiles/10-best-practices-for-contributing-to-open-source-projects	https://www.daytona.io/dotfiles/10-best-practices-for-contributing-to-open-source-projects
https://www.daytona.io/dotfiles/2024-the-year-cdes-go-mainstream	https://www.daytona.io/dotfiles/2024-the-year-cdes-go-mainstream
https://www.daytona.io/dotfiles/a-glimpse-into-2025-for-software-engineers	https://www.daytona.io/dotfiles/a-glimpse-into-2025-for-software-engineers
https://www.daytona.io/dotfiles/accelerating-developer-velocity	https://www.daytona.io/dotfiles/accelerating-developer-velocity
https://www.daytona.io/dotfiles/achieving-optimal-observability-with-daytona	https://www.daytona.io/dotfiles/achieving-optimal-observability-with-daytona
https://www.daytona.io/dotfiles/advanced-configuration-techniques-for-dev-container	https://www.daytona.io/dotfiles/advanced-configuration-techniques-for-dev-container
https://www.daytona.io/dotfiles/advanced-identity-provider-management-in-daytona-enterprise	https://www.daytona.io/dotfiles/advanced-identity-provider-management-in-daytona-enterprise
https://www.daytona.io/dotfiles/automation-improved-developer-productivity	https://www.daytona.io/dotfiles/automation-improved-developer-productivity
https://www.daytona.io/dotfiles/aws-cloud9-deprecation-discovering-enterprise-alternatives	https://www.daytona.io/dotfiles/aws-cloud9-deprecation-discovering-enterprise-alternatives
https://www.daytona.io/dotfiles/balancing-development-velocity-efficiency-and-quality	https://www.daytona.io/dotfiles/balancing-development-velocity-efficiency-and-quality
https://www.daytona.io/dotfiles/balancing-local-and-cloud-development-for-optimal-efficiency	https://www.daytona.io/dotfiles/balancing-local-and-cloud-development-for-optimal-efficiency
https://www.daytona.io/dotfiles/behind-the-deal-with-upfront-ventures	https://www.daytona.io/dotfiles/behind-the-deal-with-upfront-ventures
https://www.daytona.io/dotfiles/benefits-of-hybrid-environments-for-enterprise-security	https://www.daytona.io/dotfiles/benefits-of-hybrid-environments-for-enterprise-security
https://www.daytona.io/dotfiles/beyond-metrics-unlocking-true-developer-potential	https://www.daytona.io/dotfiles/beyond-metrics-unlocking-true-developer-potential
https://www.daytona.io/dotfiles/boost-collaboration-developer-10-effective-tips	https://www.daytona.io/dotfiles/boost-collaboration-developer-10-effective-tips
https://www.daytona.io/dotfiles/boost-your-workspace-creation-with-prebuilds	https://www.daytona.io/dotfiles/boost-your-workspace-creation-with-prebuilds
https://www.daytona.io/dotfiles/bridging-the-communication-gap-with-semantic-release	https://www.daytona.io/dotfiles/bridging-the-communication-gap-with-semantic-release
https://www.daytona.io/dotfiles/building-a-community-before-launching-your-product	https://www.daytona.io/dotfiles/building-a-community-before-launching-your-product
https://www.daytona.io/dotfiles/building-a-global-community-at-notion	https://www.daytona.io/dotfiles/building-a-global-community-at-notion
https://www.daytona.io/dotfiles/building-a-knowledge-graph-of-your-codebase	https://www.daytona.io/dotfiles/building-a-knowledge-graph-of-your-codebase
https://www.daytona.io/dotfiles/building-a-simple-vite-clone-in-go	https://www.daytona.io/dotfiles/building-a-simple-vite-clone-in-go
https://www.daytona.io/dotfiles/building-a-successful-open-source-project	https://www.daytona.io/dotfiles/building-a-successful-open-source-project
https://www.daytona.io/dotfiles/building-and-scaling-developer-tool-startups	https://www.daytona.io/dotfiles/building-and-scaling-developer-tool-startups
https://www.daytona.io/dotfiles/building-devtools-for-enterprises-the-untapped-market	https://www.daytona.io/dotfiles/building-devtools-for-enterprises-the-untapped-market
https://www.daytona.io/dotfiles/choosing-the-right-open-source-analytics-tool-a-comparison	https://www.daytona.io/dotfiles/choosing-the-right-open-source-analytics-tool-a-comparison
https://www.daytona.io/dotfiles/clarifying-cloud-development	https://www.daytona.io/dotfiles/clarifying-cloud-development
https://www.daytona.io/dotfiles/code100-champion-vladyslav-s-path-to-victory	https://www.daytona.io/dotfiles/code100-champion-vladyslav-s-path-to-victory
https://www.daytona.io/dotfiles/concept-ownership-development-environments	https://www.daytona.io/dotfiles/concept-ownership-development-environments
https://www.daytona.io/dotfiles/container-based-development-environments	https://www.daytona.io/dotfiles/container-based-development-environments
https://www.daytona.io/dotfiles/containers-for-streamlined-development-pipelines	https://www.daytona.io/dotfiles/containers-for-streamlined-development-pipelines
https://www.daytona.io/dotfiles/creating-a-development-container	https://www.daytona.io/dotfiles/creating-a-development-container
https://www.daytona.io/dotfiles/crystal-ball-envisioning-software-development-in-2030	https://www.daytona.io/dotfiles/crystal-ball-envisioning-software-development-in-2030
https://www.daytona.io/dotfiles/daytona-a-secure-alternative-to-github-codespaces	https://www.daytona.io/dotfiles/daytona-a-secure-alternative-to-github-codespaces
https://www.daytona.io/dotfiles/daytona-and-codeanywhere-forge-strategic-partnership	https://www.daytona.io/dotfiles/daytona-and-codeanywhere-forge-strategic-partnership
https://www.daytona.io/dotfiles/daytona-and-docker-compose	https://www.daytona.io/dotfiles/daytona-and-docker-compose
https://www.daytona.io/dotfiles/daytona-at-elc-2024-redefining-dev-environments	https://www.daytona.io/dotfiles/daytona-at-elc-2024-redefining-dev-environments
https://www.daytona.io/dotfiles/daytona-developers-club-meetups-lit-up-africa-this-july	https://www.daytona.io/dotfiles/daytona-developers-club-meetups-lit-up-africa-this-july
https://www.daytona.io/dotfiles/daytona-devs-club-india-marks-second-leg-of-daytona-tour	https://www.daytona.io/dotfiles/daytona-devs-club-india-marks-second-leg-of-daytona-tour
https://www.daytona.io/dotfiles/daytona-enterprise-introduces-gpu-support	https://www.daytona.io/dotfiles/daytona-enterprise-introduces-gpu-support
https://www.daytona.io/dotfiles/daytona-enterprise-introduces-role-based-access-control	https://www.daytona.io/dotfiles/daytona-enterprise-introduces-role-based-access-control
https://www.daytona.io/dotfiles/daytona-enterprise-meets-backstage	https://www.daytona.io/dotfiles/daytona-enterprise-meets-backstage
https://www.daytona.io/dotfiles/daytona-goes-open-source	https://www.daytona.io/dotfiles/daytona-goes-open-source
https://www.daytona.io/dotfiles/daytona-joins-the-cloud-native-computing-foundation	https://www.daytona.io/dotfiles/daytona-joins-the-cloud-native-computing-foundation
https://www.daytona.io/dotfiles/daytona-launch-week-recap-a-week-of-creation	https://www.daytona.io/dotfiles/daytona-launch-week-recap-a-week-of-creation
https://www.daytona.io/dotfiles/daytona-pioneering-the-future-of-sdes	https://www.daytona.io/dotfiles/daytona-pioneering-the-future-of-sdes
https://www.daytona.io/dotfiles/daytona-pledges-60-000-to-support-open-source-community	https://www.daytona.io/dotfiles/daytona-pledges-60-000-to-support-open-source-community
https://www.daytona.io/dotfiles/daytona-raises-2m-in-pre-seed	https://www.daytona.io/dotfiles/daytona-raises-2m-in-pre-seed
https://www.daytona.io/dotfiles/daytona-ranks-in-runa-capital-s-q2-2024-ross-top-20	https://www.daytona.io/dotfiles/daytona-ranks-in-runa-capital-s-q2-2024-ross-top-20
https://www.daytona.io/dotfiles/daytona-s-origin-and-vision-shared-on-algora-podcast	https://www.daytona.io/dotfiles/daytona-s-origin-and-vision-shared-on-algora-podcast
https://www.daytona.io/dotfiles/daytona-s-second-launch-week-recap	https://www.daytona.io/dotfiles/daytona-s-second-launch-week-recap
https://www.daytona.io/dotfiles/daytona-secures-5m-to-simplify-development-environments	https://www.daytona.io/dotfiles/daytona-secures-5m-to-simplify-development-environments
https://www.daytona.io/dotfiles/daytona-standardized-development-environment	https://www.daytona.io/dotfiles/daytona-standardized-development-environment
https://www.daytona.io/dotfiles/daytona-welcomes-cursor	https://www.daytona.io/dotfiles/daytona-welcomes-cursor
https://www.daytona.io/dotfiles/daytona-welcomes-jetbrains-fleet-ide	https://www.daytona.io/dotfiles/daytona-welcomes-jetbrains-fleet-ide
https://www.daytona.io/dotfiles/decoding-the-developer-dilemma-a-quest-for-clarity	https://www.daytona.io/dotfiles/decoding-the-developer-dilemma-a-quest-for-clarity
https://www.daytona.io/dotfiles/demystifying-the-dev-container-lifecycle-a-walkthrough	https://www.daytona.io/dotfiles/demystifying-the-dev-container-lifecycle-a-walkthrough
https://www.daytona.io/dotfiles/designing-developer-workspaces-for-flow-state	https://www.daytona.io/dotfiles/designing-developer-workspaces-for-flow-state
https://www.daytona.io/dotfiles/dev-container-the-path-to-standard-dev-environments	https://www.daytona.io/dotfiles/dev-container-the-path-to-standard-dev-environments
https://www.daytona.io/dotfiles/dev-containers-vs-traditional-development-environments	https://www.daytona.io/dotfiles/dev-containers-vs-traditional-development-environments
https://www.daytona.io/dotfiles/developer-environments-journey	https://www.daytona.io/dotfiles/developer-environments-journey
https://www.daytona.io/dotfiles/developer-experience-mixing-fun-and-grind	https://www.daytona.io/dotfiles/developer-experience-mixing-fun-and-grind
https://www.daytona.io/dotfiles/devfiles-development-containers-understanding-differences	https://www.daytona.io/dotfiles/devfiles-development-containers-understanding-differences
https://www.daytona.io/dotfiles/diy-guide-to-transform-any-machine-into-a-codespace	https://www.daytona.io/dotfiles/diy-guide-to-transform-any-machine-into-a-codespace
https://www.daytona.io/dotfiles/docker-s-hybrid-approach-and-lessons-for-daytona	https://www.daytona.io/dotfiles/docker-s-hybrid-approach-and-lessons-for-daytona
https://www.daytona.io/dotfiles/dominating-the-wearedevelopers-code100-competition	https://www.daytona.io/dotfiles/dominating-the-wearedevelopers-code100-competition
https://www.daytona.io/dotfiles/eliminating-works-on-my-machine-with-sdes	https://www.daytona.io/dotfiles/eliminating-works-on-my-machine-with-sdes
https://www.daytona.io/dotfiles/embracing-hybrid-development-environments	https://www.daytona.io/dotfiles/embracing-hybrid-development-environments
https://www.daytona.io/dotfiles/embracing-open-source-alignment	https://www.daytona.io/dotfiles/embracing-open-source-alignment
https://www.daytona.io/dotfiles/embracing-standardized-development-environments	https://www.daytona.io/dotfiles/embracing-standardized-development-environments
https://www.daytona.io/dotfiles/embracing-the-future-of-development-environments-wad-2024	https://www.daytona.io/dotfiles/embracing-the-future-of-development-environments-wad-2024
https://www.daytona.io/dotfiles/empowering-data-scientists-daytona-introduces-jupyter-ide	https://www.daytona.io/dotfiles/empowering-data-scientists-daytona-introduces-jupyter-ide
https://www.daytona.io/dotfiles/ensuring-consistent-container-behavior	https://www.daytona.io/dotfiles/ensuring-consistent-container-behavior
https://www.daytona.io/dotfiles/enterprise-admins-gain-control-over-ide-selection	https://www.daytona.io/dotfiles/enterprise-admins-gain-control-over-ide-selection
https://www.daytona.io/dotfiles/finding-your-market-fit	https://www.daytona.io/dotfiles/finding-your-market-fit
https://www.daytona.io/dotfiles/fingo-s-leap-into-lightning-fast-fintech-with-go	https://www.daytona.io/dotfiles/fingo-s-leap-into-lightning-fast-fintech-with-go
https://www.daytona.io/dotfiles/fortifying-open-source-foundations-with-socket	https://www.daytona.io/dotfiles/fortifying-open-source-foundations-with-socket
https://www.daytona.io/dotfiles/fortifying-the-software-supply-chain	https://www.daytona.io/dotfiles/fortifying-the-software-supply-chain
https://www.daytona.io/dotfiles/github-s-ai-evolution-the-copilot-paradigm-shift	https://www.daytona.io/dotfiles/github-s-ai-evolution-the-copilot-paradigm-shift
https://www.daytona.io/dotfiles/guide-create-devcontainer-json-file	https://www.daytona.io/dotfiles/guide-create-devcontainer-json-file
https://www.daytona.io/dotfiles/guide-selecting-git-provider	https://www.daytona.io/dotfiles/guide-selecting-git-provider
https://www.daytona.io/dotfiles/guide-to-effective-developer-onboarding	https://www.daytona.io/dotfiles/guide-to-effective-developer-onboarding
https://www.daytona.io/dotfiles/harnessing-ai-innovation-through-sdes	https://www.daytona.io/dotfiles/harnessing-ai-innovation-through-sdes
https://www.daytona.io/dotfiles/harnessing-ai-through-standardization-and-isolation	https://www.daytona.io/dotfiles/harnessing-ai-through-standardization-and-isolation
https://www.daytona.io/dotfiles/how-daytona-is-easing-developer-cognitive-load	https://www.daytona.io/dotfiles/how-daytona-is-easing-developer-cognitive-load
https://www.daytona.io/dotfiles/how-daytona-s-dev-environments-align-with-ai-revolution	https://www.daytona.io/dotfiles/how-daytona-s-dev-environments-align-with-ai-revolution
https://www.daytona.io/dotfiles/how-infobip-slashed-time-to-hello-world	https://www.daytona.io/dotfiles/how-infobip-slashed-time-to-hello-world
https://www.daytona.io/dotfiles/how-to-create-a-devcontainer-feature	https://www.daytona.io/dotfiles/how-to-create-a-devcontainer-feature
https://www.daytona.io/dotfiles/how-to-quantify-and-improve-developer-velocity	https://www.daytona.io/dotfiles/how-to-quantify-and-improve-developer-velocity
https://www.daytona.io/dotfiles/how-to-quickly-standardize-your-project-for-new-developers	https://www.daytona.io/dotfiles/how-to-quickly-standardize-your-project-for-new-developers
https://www.daytona.io/dotfiles/how-to-set-up-a-project-with-cal-com-and-supabase	https://www.daytona.io/dotfiles/how-to-set-up-a-project-with-cal-com-and-supabase
https://www.daytona.io/dotfiles/how-to-set-up-daytona-with-a-remote-machine	https://www.daytona.io/dotfiles/how-to-set-up-daytona-with-a-remote-machine
https://www.daytona.io/dotfiles/how-to-write-4000-stars-github-readme-for-your-project	https://www.daytona.io/dotfiles/how-to-write-4000-stars-github-readme-for-your-project
https://www.daytona.io/dotfiles/how-we-missed-1-on-product-hunter-but-still-won-big	https://www.daytona.io/dotfiles/how-we-missed-1-on-product-hunter-but-still-won-big
https://www.daytona.io/dotfiles/impact-of-development-environments-on-software-creation	https://www.daytona.io/dotfiles/impact-of-development-environments-on-software-creation
https://www.daytona.io/dotfiles/inside-the-dev-container-specification	https://www.daytona.io/dotfiles/inside-the-dev-container-specification
https://www.daytona.io/dotfiles/insights-from-recent-funding-rounds-in-dev-envs-space	https://www.daytona.io/dotfiles/insights-from-recent-funding-rounds-in-dev-envs-space
https://www.daytona.io/dotfiles/insights-on-platform-engineering-for-productivity	https://www.daytona.io/dotfiles/insights-on-platform-engineering-for-productivity
https://www.daytona.io/dotfiles/install-daytona-on-digitalocean-in-minutes	https://www.daytona.io/dotfiles/install-daytona-on-digitalocean-in-minutes
https://www.daytona.io/dotfiles/installing-the-daytona-jetbrains-gateway-plugin	https://www.daytona.io/dotfiles/installing-the-daytona-jetbrains-gateway-plugin
https://www.daytona.io/dotfiles/introducing-daytona-s-jetbrains-gateway-plugin	https://www.daytona.io/dotfiles/introducing-daytona-s-jetbrains-gateway-plugin
https://www.daytona.io/dotfiles/introduction-to-guardrails-and-paved-paths	https://www.daytona.io/dotfiles/introduction-to-guardrails-and-paved-paths
https://www.daytona.io/dotfiles/key-insights-from-daytona-on-open-source-startup-podcast	https://www.daytona.io/dotfiles/key-insights-from-daytona-on-open-source-startup-podcast
https://www.daytona.io/dotfiles/lessons-from-netlify-s-journey-to-success	https://www.daytona.io/dotfiles/lessons-from-netlify-s-journey-to-success
https://www.daytona.io/dotfiles/leveraging-standardized-development-environments	https://www.daytona.io/dotfiles/leveraging-standardized-development-environments
https://www.daytona.io/dotfiles/making-an-impact-my-open-source-journey	https://www.daytona.io/dotfiles/making-an-impact-my-open-source-journey
https://www.daytona.io/dotfiles/managing-complex-development-at-uber	https://www.daytona.io/dotfiles/managing-complex-development-at-uber
https://www.daytona.io/dotfiles/managing-secrets-with-doppler-in-devcontainers	https://www.daytona.io/dotfiles/managing-secrets-with-doppler-in-devcontainers
https://www.daytona.io/dotfiles/mastering-development-environment-configuration-standards	https://www.daytona.io/dotfiles/mastering-development-environment-configuration-standards
https://www.daytona.io/dotfiles/meet-chad-metcalf-our-head-of-strategy-and-alliances	https://www.daytona.io/dotfiles/meet-chad-metcalf-our-head-of-strategy-and-alliances
https://www.daytona.io/dotfiles/meet-fabjan-vucina-our-software-engineer	https://www.daytona.io/dotfiles/meet-fabjan-vucina-our-software-engineer
https://www.daytona.io/dotfiles/meet-fionn-kelleher-our-technical-writer	https://www.daytona.io/dotfiles/meet-fionn-kelleher-our-technical-writer
https://www.daytona.io/dotfiles/meet-go-language	https://www.daytona.io/dotfiles/meet-go-language
https://www.daytona.io/dotfiles/meet-goran-our-co-founder-and-chief-architect	https://www.daytona.io/dotfiles/meet-goran-our-co-founder-and-chief-architect
https://www.daytona.io/dotfiles/meet-ivan-burazin-our-ceo-and-dev-empowerment-champion	https://www.daytona.io/dotfiles/meet-ivan-burazin-our-ceo-and-dev-empowerment-champion
https://www.daytona.io/dotfiles/meet-ivan-dagelic-our-software-engineer	https://www.daytona.io/dotfiles/meet-ivan-dagelic-our-software-engineer
https://www.daytona.io/dotfiles/meet-luka-from-3d-printers-to-cloud-environments	https://www.daytona.io/dotfiles/meet-luka-from-3d-printers-to-cloud-environments
https://www.daytona.io/dotfiles/meet-luke-fusing-craftsmanship-and-customer-success	https://www.daytona.io/dotfiles/meet-luke-fusing-craftsmanship-and-customer-success
https://www.daytona.io/dotfiles/meet-nikola-balic-our-head-of-growth	https://www.daytona.io/dotfiles/meet-nikola-balic-our-head-of-growth
https://www.daytona.io/dotfiles/meet-sara-our-driving-force-of-operational-excellence	https://www.daytona.io/dotfiles/meet-sara-our-driving-force-of-operational-excellence
https://www.daytona.io/dotfiles/meet-toma-puljak-our-engineer-and-passionate-advocate	https://www.daytona.io/dotfiles/meet-toma-puljak-our-engineer-and-passionate-advocate
https://www.daytona.io/dotfiles/meet-vedran-jukic-our-co-founder-and-cto	https://www.daytona.io/dotfiles/meet-vedran-jukic-our-co-founder-and-cto
https://www.daytona.io/dotfiles/meet-zoran-zorica-our-infrastructure-engineer	https://www.daytona.io/dotfiles/meet-zoran-zorica-our-infrastructure-engineer
https://www.daytona.io/dotfiles/meeting-developers-where-they-are	https://www.daytona.io/dotfiles/meeting-developers-where-they-are
https://www.daytona.io/dotfiles/mern-stack-made-easy-with-daytona	https://www.daytona.io/dotfiles/mern-stack-made-easy-with-daytona
https://www.daytona.io/dotfiles/minimizing-cognitive-load-for-early-stage-engineering	https://www.daytona.io/dotfiles/minimizing-cognitive-load-for-early-stage-engineering
https://www.daytona.io/dotfiles/monitor-go-endpoints-with-azure-application-insights	https://www.daytona.io/dotfiles/monitor-go-endpoints-with-azure-application-insights
https://www.daytona.io/dotfiles/moving-beyond-cde	https://www.daytona.io/dotfiles/moving-beyond-cde
https://www.daytona.io/dotfiles/my-vc-journey-building-platforms-and-making-smart-bets	https://www.daytona.io/dotfiles/my-vc-journey-building-platforms-and-making-smart-bets
https://www.daytona.io/dotfiles/navigating-developer-experience-challenges-at-capital-one	https://www.daytona.io/dotfiles/navigating-developer-experience-challenges-at-capital-one
https://www.daytona.io/dotfiles/new-paradigm-in-developer-tool-marketing	https://www.daytona.io/dotfiles/new-paradigm-in-developer-tool-marketing
https://www.daytona.io/dotfiles/onboarding-lessons-from-uber-and-stripe	https://www.daytona.io/dotfiles/onboarding-lessons-from-uber-and-stripe
https://www.daytona.io/dotfiles/open-source-or-not	https://www.daytona.io/dotfiles/open-source-or-not
https://www.daytona.io/dotfiles/open-source-strategy-candid-talk-with-puppet-founder	https://www.daytona.io/dotfiles/open-source-strategy-candid-talk-with-puppet-founder
https://www.daytona.io/dotfiles/ownership-approach-balancing-freedom-security-daytona	https://www.daytona.io/dotfiles/ownership-approach-balancing-freedom-security-daytona
https://www.daytona.io/dotfiles/platform-engineering-creating-efficient-developer-commutes	https://www.daytona.io/dotfiles/platform-engineering-creating-efficient-developer-commutes
https://www.daytona.io/dotfiles/power-of-automation-in-software-development	https://www.daytona.io/dotfiles/power-of-automation-in-software-development
https://www.daytona.io/dotfiles/progressive-delivery	https://www.daytona.io/dotfiles/progressive-delivery
https://www.daytona.io/dotfiles/redefining-success-in-the-engineering-organization	https://www.daytona.io/dotfiles/redefining-success-in-the-engineering-organization
https://www.daytona.io/dotfiles/regulated-industry-and-the-future-of-development	https://www.daytona.io/dotfiles/regulated-industry-and-the-future-of-development
https://www.daytona.io/dotfiles/remote-development-productivity-lessons-from-slack	https://www.daytona.io/dotfiles/remote-development-productivity-lessons-from-slack
https://www.daytona.io/dotfiles/run-dev-environments-on-digitalocean-droplets-with-daytona	https://www.daytona.io/dotfiles/run-dev-environments-on-digitalocean-droplets-with-daytona
https://www.daytona.io/dotfiles/run-your-development-environments-on-azure	https://www.daytona.io/dotfiles/run-your-development-environments-on-azure
https://www.daytona.io/dotfiles/sandboxing-ai-development-with-agent-agnostic-infrastructure	https://www.daytona.io/dotfiles/sandboxing-ai-development-with-agent-agnostic-infrastructure
https://www.daytona.io/dotfiles/seamless-developer-experience-with-vs-code-and-daytona	https://www.daytona.io/dotfiles/seamless-developer-experience-with-vs-code-and-daytona
https://www.daytona.io/dotfiles/seamless-local-remote-development-daytona	https://www.daytona.io/dotfiles/seamless-local-remote-development-daytona
https://www.daytona.io/dotfiles/self-hosted-development-environment	https://www.daytona.io/dotfiles/self-hosted-development-environment
https://www.daytona.io/dotfiles/setting-up-daytona-with-remote-profiles	https://www.daytona.io/dotfiles/setting-up-daytona-with-remote-profiles
https://www.daytona.io/dotfiles/shift-left-dev-environment-orchestration	https://www.daytona.io/dotfiles/shift-left-dev-environment-orchestration
https://www.daytona.io/dotfiles/shipping-early-and-often	https://www.daytona.io/dotfiles/shipping-early-and-often
https://www.daytona.io/dotfiles/simplifying-dev-container-configuration	https://www.daytona.io/dotfiles/simplifying-dev-container-configuration
https://www.daytona.io/dotfiles/speeding-up-dev-containers-with-pre-built-images	https://www.daytona.io/dotfiles/speeding-up-dev-containers-with-pre-built-images
https://www.daytona.io/dotfiles/standardizing-dev-environments-for-collaboration	https://www.daytona.io/dotfiles/standardizing-dev-environments-for-collaboration
https://www.daytona.io/dotfiles/streamlined-devex-with-the-daytona-installer-script	https://www.daytona.io/dotfiles/streamlined-devex-with-the-daytona-installer-script
https://www.daytona.io/dotfiles/streamlining-devops-with-earthly-and-daytona	https://www.daytona.io/dotfiles/streamlining-devops-with-earthly-and-daytona
https://www.daytona.io/dotfiles/streamlining-onboarding-with-a-platform-engineering	https://www.daytona.io/dotfiles/streamlining-onboarding-with-a-platform-engineering
https://www.daytona.io/dotfiles/tech-stack-behind-daytona	https://www.daytona.io/dotfiles/tech-stack-behind-daytona
https://www.daytona.io/dotfiles/technical-documentation-is-your-competitive-advantage	https://www.daytona.io/dotfiles/technical-documentation-is-your-competitive-advantage
https://www.daytona.io/dotfiles/the-2023-journey-of-daytona-a-year-in-review	https://www.daytona.io/dotfiles/the-2023-journey-of-daytona-a-year-in-review
https://www.daytona.io/dotfiles/the-3-keys-to-structuring-developer-feedback-loops	https://www.daytona.io/dotfiles/the-3-keys-to-structuring-developer-feedback-loops
https://www.daytona.io/dotfiles/the-code-liberation-for-frictionless-dev-environments	https://www.daytona.io/dotfiles/the-code-liberation-for-frictionless-dev-environments
https://www.daytona.io/dotfiles/the-de-facto-devrel	https://www.daytona.io/dotfiles/the-de-facto-devrel
https://www.daytona.io/dotfiles/the-developer-experience-revolution	https://www.daytona.io/dotfiles/the-developer-experience-revolution
https://www.daytona.io/dotfiles/the-developer-s-dream-when-your-repo-just-runs	https://www.daytona.io/dotfiles/the-developer-s-dream-when-your-repo-just-runs
https://www.daytona.io/dotfiles/the-developer-scaling-dilemma	https://www.daytona.io/dotfiles/the-developer-scaling-dilemma
https://www.daytona.io/dotfiles/the-dream-dies-why-cloud-ides-failed-developers	https://www.daytona.io/dotfiles/the-dream-dies-why-cloud-ides-failed-developers
https://www.daytona.io/dotfiles/the-era-of-collaboration-in-remote-development	https://www.daytona.io/dotfiles/the-era-of-collaboration-in-remote-development
https://www.daytona.io/dotfiles/the-evolution-of-internal-developer-portals	https://www.daytona.io/dotfiles/the-evolution-of-internal-developer-portals
https://www.daytona.io/dotfiles/the-evolving-role-of-platform-engineering	https://www.daytona.io/dotfiles/the-evolving-role-of-platform-engineering
https://www.daytona.io/dotfiles/the-future-of-cloud-development-environments	https://www.daytona.io/dotfiles/the-future-of-cloud-development-environments
https://www.daytona.io/dotfiles/the-hidden-cost-of-broken-dev-environments	https://www.daytona.io/dotfiles/the-hidden-cost-of-broken-dev-environments
https://www.daytona.io/dotfiles/the-holy-triangle-of-software-development	https://www.daytona.io/dotfiles/the-holy-triangle-of-software-development
https://www.daytona.io/dotfiles/the-importance-of-secure-dev-environments	https://www.daytona.io/dotfiles/the-importance-of-secure-dev-environments
https://www.daytona.io/dotfiles/the-infrastructure-backbone-of-ai-driven-development	https://www.daytona.io/dotfiles/the-infrastructure-backbone-of-ai-driven-development
https://www.daytona.io/dotfiles/the-inside-story-of-code100	https://www.daytona.io/dotfiles/the-inside-story-of-code100
https://www.daytona.io/dotfiles/the-magic-of-remote-development-environments	https://www.daytona.io/dotfiles/the-magic-of-remote-development-environments
https://www.daytona.io/dotfiles/the-quest-for-seamless-software-dev-environments	https://www.daytona.io/dotfiles/the-quest-for-seamless-software-dev-environments
https://www.daytona.io/dotfiles/the-rise-of-cloud-development-environments	https://www.daytona.io/dotfiles/the-rise-of-cloud-development-environments
https://www.daytona.io/dotfiles/the-road-to-developer-velocity-is-paved-with-sdes	https://www.daytona.io/dotfiles/the-road-to-developer-velocity-is-paved-with-sdes
https://www.daytona.io/dotfiles/the-role-of-innersource-in-modern-software-development	https://www.daytona.io/dotfiles/the-role-of-innersource-in-modern-software-development
https://www.daytona.io/dotfiles/the-true-cost-of-developer-tools	https://www.daytona.io/dotfiles/the-true-cost-of-developer-tools
https://www.daytona.io/dotfiles/the-ultimate-guide-to-managing-python-environments	https://www.daytona.io/dotfiles/the-ultimate-guide-to-managing-python-environments
https://www.daytona.io/dotfiles/the-vital-role-of-internal-developer-platforms	https://www.daytona.io/dotfiles/the-vital-role-of-internal-developer-platforms
https://www.daytona.io/dotfiles/time-ripe-standardized-development-environments	https://www.daytona.io/dotfiles/time-ripe-standardized-development-environments
https://www.daytona.io/dotfiles/to-unleash-developer-productivity-try-the-85-rule	https://www.daytona.io/dotfiles/to-unleash-developer-productivity-try-the-85-rule
https://www.daytona.io/dotfiles/transitioning-from-localhost-to-cloud-environments	https://www.daytona.io/dotfiles/transitioning-from-localhost-to-cloud-environments
https://www.daytona.io/dotfiles/ultimate-guide-to-dev-containers	https://www.daytona.io/dotfiles/ultimate-guide-to-dev-containers
https://www.daytona.io/dotfiles/ultimate-guide-to-dotfiles	https://www.daytona.io/dotfiles/ultimate-guide-to-dotfiles
https://www.daytona.io/dotfiles/understanding-concept-internal-developer-platforms-idps	https://www.daytona.io/dotfiles/understanding-concept-internal-developer-platforms-idps
https://www.daytona.io/dotfiles/understanding-development-staging-and-production	https://www.daytona.io/dotfiles/understanding-development-staging-and-production
https://www.daytona.io/dotfiles/unleash-your-dev-environments-on-aws-with-daytona	https://www.daytona.io/dotfiles/unleash-your-dev-environments-on-aws-with-daytona
https://www.daytona.io/dotfiles/unlocking-developer-productivity	https://www.daytona.io/dotfiles/unlocking-developer-productivity
https://www.daytona.io/dotfiles/unlocking-exponential-growth	https://www.daytona.io/dotfiles/unlocking-exponential-growth
https://www.daytona.io/dotfiles/vendor-lock-in-risks-lessons-from-aws-codecommit-s-sunset	https://www.daytona.io/dotfiles/vendor-lock-in-risks-lessons-from-aws-codecommit-s-sunset
https://www.daytona.io/dotfiles/what-is-developer-experience	https://www.daytona.io/dotfiles/what-is-developer-experience
https://www.daytona.io/dotfiles/why-cloud-dev-environments-matter	https://www.daytona.io/dotfiles/why-cloud-dev-environments-matter
https://www.daytona.io/dotfiles/why-investing-in-developer-experience-matters	https://www.daytona.io/dotfiles/why-investing-in-developer-experience-matters
https://www.daytona.io/dotfiles/why-supporting-developer-focused-events-is-essential	https://www.daytona.io/dotfiles/why-supporting-developer-focused-events-is-essential
